{
  "calibration": [
    {
      "intrinsics": {
        "width": 1920,
        "height": 1200,
        "camera_matrix": {
          "rows": 3,
          "cols": 3,
          "data": [
            1188.4321121881893,
            0.0,
            948.7589086373926,
            0.0,
            1187.41021613417,
            622.6627127325854,
            0.0,
            0.0,
            1.0
          ]
        },
        "distortion_model": "RATIONAL",
        "distortion_coefficients": {
          "rows": 8,
          "cols": 1,
          "data": [
            -1.6284140489726367,
            1.1259520201944616,
            0.00024229847245444,
            -0.00015297386164437,
            0.7451704470872226,
            -1.3583620217117352,
            0.5792000819664922,
            1.2633925298768976
          ]
        }
      },
      "photometric_response_file": "",
      "photometric_vignette_file": "",
      "pose": {
        "rows": 4,
        "cols": 4,
        "data": [
          1.0,
          0.0,
          0.0,
          -0.0,
          0.0,
          1.0,
          0.0,
          -0.0,
          0.0,
          0.0,
          1.0,
          -0.0,
          0.0,
          0.0,
          0.0,
          1.0
        ]
      },
      "photometric_dark_current_file": "",
      "photometric_bias_file": ""
    },
    {
      "intrinsics": {
        "width": 1920,
        "height": 1200,
        "camera_matrix": {
          "rows": 3,
          "cols": 3,
          "data": [
            1188.9877967455985,
            0.0,
            959.9663204498671,
            0.0,
            1188.6640305646479,
            619.9190776152794,
            0.0,
            0.0,
            1.0
          ]
        },
        "distortion_model": "RATIONAL",
        "distortion_coefficients": {
          "rows": 8,
          "cols": 1,
          "data": [
            -3.212805293099791,
            4.12107442607116,
            -0.00001566696147558,
            -0.00009047044930307,
            2.1537068012049129,
            -2.9421414620979227,
            3.144894549128561,
            3.647857625787248
          ]
        }
      },
      "photometric_response_file": "",
      "photometric_vignette_file": "",
      "pose": {
        "rows": 4,
        "cols": 4,
        "data": [
          0.9999984489866521,
          0.0010046749219332,
          0.0014466003564483,
          0.00006164588329467,
          -0.00100376813010124,
          0.9999992993884397,
          -0.00062743300097485,
          -0.906714566461936,
          -0.00144722970914464,
          0.00062597997648309,
          0.9999987568368463,
          -0.00238503483633488,
          0.0,
          0.0,
          0.0,
          1.0
        ]
      },
      "photometric_dark_current_file": "",
      "photometric_bias_file": ""
    }
  ],
  "scale": 1.0,
  "fps": 30.0
}
