{
  "calibration": [
    {
      "intrinsics": {
        "width": 1920,
        "height": 1200,
        "camera_matrix": {
          "rows": 3,
          "cols": 3,
          "data": [
            1188.509591094558,
            0.0,
            945.5307133664143,
            0.0,
            1187.4014638491674,
            597.772285946093,
            0.0,
            0.0,
            1.0
          ]
        },
        "distortion_model": "RATIONAL",
        "distortion_coefficients": {
          "rows": 8,
          "cols": 1,
          "data": [
            333.10098592388848,
            321.5537342154113,
            0.00005084500573813,
            -0.00014210951211304,
            61.960181025089209,
            333.0893103021281,
            410.52963377978178,
            111.11496594362096
          ]
        }
      },
      "photometric_response_file": "",
      "photometric_vignette_file": "",
      "pose": {
        "rows": 4,
        "cols": 4,
        "data": [
          1.0,
          0.0,
          0.0,
          -0.0,
          0.0,
          1.0,
          0.0,
          -0.0,
          0.0,
          0.0,
          1.0,
          -0.0,
          0.0,
          0.0,
          0.0,
          1.0
        ]
      },
      "photometric_dark_current_file": "",
      "photometric_bias_file": ""
    },
    {
      "intrinsics": {
        "width": 1920,
        "height": 1200,
        "camera_matrix": {
          "rows": 3,
          "cols": 3,
          "data": [
            1190.3768608644387,
            0.0,
            945.7668352321666,
            0.0,
            1189.822466641551,
            600.6660183926134,
            0.0,
            0.0,
            1.0
          ]
        },
        "distortion_model": "RATIONAL",
        "distortion_coefficients": {
          "rows": 8,
          "cols": 1,
          "data": [
            137.0155421279672,
            98.87808277199896,
            -0.0002546095702004,
            0.00016580550410798,
            16.004146056681767,
            137.4711074311511,
            135.7264292593038,
            27.934122401171533
          ]
        }
      },
      "photometric_response_file": "",
      "photometric_vignette_file": "",
      "pose": {
        "rows": 4,
        "cols": 4,
        "data": [
          0.9999759506824577,
          0.00227868288823514,
          -0.00655024129401238,
          0.0013614844371021,
          -0.00233285666309245,
          0.9999630421127322,
          -0.00827479235024365,
          -0.9071124821400907,
          0.00653114358320086,
          0.00828987412118242,
          0.9999443095245607,
          -0.00666351533420427,
          0.0,
          0.0,
          0.0,
          1.0
        ]
      },
      "photometric_dark_current_file": "",
      "photometric_bias_file": ""
    }
  ],
  "scale": 1.0,
  "fps": 30.0
}
